songartist;songtitle;nn;anno
1 GIANT LEAP;My Culture;1;2023
883;Gli anni ('96);1;2023
883;Nord Sud Ovest Est;1;2023
AALIYAH;Try Again;1;2023
ABBA;Dancing Queen;1;2023
AC/DC;Back In Black;1;2023
AC/DC;It's a Long Way to the Top (Original Australian Release);1;2023
AC/DC;Shot Down In Flames;2;2023
ACHILLE LAURO;Stupidi Ragazzi;3;2023
ACHILLE LAURO, ROSE VILLAIN;Fragole;1;2023
ADRIANO CELENTANO;Azzurro;3;2023
ADRIANO CELENTANO;Chi non lavora non fa l'amore;1;2023
ADRIANO CELENTANO;Deus;1;2023
ADRIANO CELENTANO;Pregherò;2;2023
ADRIANO CELENTANO;Una carezza in un pugno;1;2023
ADRIANO PAPPALARDO;Ricominciamo;1;2023
A-HA;Take on me;1;2023
AIR & BETH HIRSCH;All I Need;1;2023
AL BANO & ROMINA POWER;Felicità;3;2023
ALAN SORRENTI;Figli Delle Stelle;1;2023
ALAN SORRENTI;Tu sei l'unica donna per me;1;2023
ALBERTO CAMERINI;Rock 'n' roll robot;1;2023
ALBERTO CAMERINI;Tanz Bambolina;1;2023
ALESSANDRO CANINO;Brutta;1;2023
ALEX FAROLFI;Loving This New Feeling (feat. Tyte);4;2023
ALEX FAROLFI;Time Won't Wait (feat. Aaron Pfeiffer);2;2023
ALMOST MONDAY;only wanna dance;1;2023
AMY WINEHOUSE;Love is a losing game;1;2023
ANDY WILLIAMS;It's the Most Wonderful Time of the Year;1;2023
ANNA OXA;E' Tutto Un Attimo;1;2023
ANNALISA;Euforia;1;2023
ANNALISA;Mon Amour;1;2023
ANNALISA;Ragazza sola;3;2023
ANOTR & ABEL BALDER;Relax My Eyes;1;2023
ANTONELLO VENDITTI;Alta Marea;1;2023
ANTONELLO VENDITTI;Amici mai;1;2023
ANTONELLO VENDITTI;Piero e Cinzia;1;2023
ANTONELLO VENDITTI;Roma capoccia;1;2023
ANTONIO OF ITALY;You Are My Sunshine;2;2023
APOLLO 440;Stop The Rock;1;2023
ARETHA FRANKLIN;(You Make Me Feel Like) A Natural Woman;1;2023
ARETHA FRANKLIN & THE BLUES BROTHERS;Think;1;2023
ARIETE;Mare di guai;4;2023
ARIETE;Un'altra ora;4;2023
ARLO PARKS;Weightless;1;2023
ARLO PARKS;Weightless (Radio Edit);4;2023
ARMAND VAN HELDEN;You Don't Know Me (feat. Duane Harden);2;2023
ARMANDO TROVAJOLI;Che Vuole Questa Musica Stasera;1;2023
ARTICOLO 31;UN BEL VIAGGIO;1;2023
ASH;Beginnings;1;2023
BANDOLERO;Paris Latino (Original Version 1983);1;2023
BARRY MANILOW;Mandy;1;2023
BARRY WHITE;Let The Music Play (Single Version);1;2023
BAUSTELLE;Contro Il Mondo;6;2023
BAUSTELLE;Milano è la metafora dell'amore;3;2023
BEABADOOBEE;Glue Song;9;2023
BECK;Thinking About You;1;2023
BELINDA CARLISLE;Heaven Is A Place On Earth;1;2023
BEN E. KING;Stand By Me;2;2023
BEN HARPER;Diamonds on the Inside;1;2023
BEN KIM;Somebody To Love (Gorgon City Remix);1;2023
BENNY BENASSI;Cinema (feat. Gary Go) (Extended Mix);1;2023
BENNY BENASSI PRESENTS THE BIZ;Satisfaction (Isak Original Edit);1;2023
BENNY BENASSI PRESENTS THE BIZ;Satisfaction (Just____us Remix);1;2023
BEYONCÉ & KENDRICK LAMAR;AMERICA HAS A PROBLEM;1;2023
BIAGIO ANTONACCI, BENNY BENASSI;Tridimensionale;6;2023
BILL CONTI;Going the Distance;3;2023
BILL WITHERS;Ain't No Sunshine;1;2023
BILLIE EILISH;I Love You;1;2023
BILLIE HOLIDAY;Blue Moon;1;2023
BILLY BRAGG & WILCO;When the Roses Bloom Again;1;2023
BILLY IDOL;White Wedding (Parts 1 And 2) (Shotgun Mix);1;2023
BIRTHH;Jello;9;2023
BJÖRK & ROSALÍA;Oral;1;2023
BLANCO;Bruciasse Il Cielo;2;2023
BLANCO, MINA;Un Briciolo Di Allegria;5;2023
BLINK 182;All the Small Things;3;2023
BLINK 182;ONE MORE TIME;4;2023
BLUR;The Narcissist;3;2023
BLUVERTIGO;La Crisi;1;2023
BOB DYLAN;Girl from the North Country;2;2023
BOB DYLAN;Lay Lady Lay;1;2023
BOB MARLEY & THE WAILERS;Could You Be Loved;1;2023
BOB MARLEY & THE WAILERS;Three Little Birds;1;2023
BOB SINCLAR;Love Generation (feat. Gary Pine) (Club Mix);1;2023
BOB SINCLAR;World, Hold On (feat. Steve Edwards);1;2023
BOBBY DARIN;Beyond the Sea;3;2023
BOBBY DARIN;The Good Life;1;2023
BOBBY HEBB;Sunny;1;2023
BOBBY WOMACK;Across 110th Street;2;2023
BON JOVI;It's My Life;1;2023
BONEY M;Daddy Cool;1;2023
BRESH, PINGUINI TATTICI NUCLEARI;Nightmares;4;2023
BRUCE SPRINGSTEEN;Dancing In the Dark;1;2023
BRUCE SPRINGSTEEN;Pay me my money down;1;2023
BRUCE SPRINGSTEEN;Streets of Philadelphia;1;2023
BRUNO LAUZI;Amore caro, amore bello;2;2023
BRUNORI SAS;La verità;1;2023
BRYAN FERRY;The Way You Look Tonight;2;2023
BUFFALO SPRINGFIELD;For What It's Worth;1;2023
C.S.I.;Forma E Sostanza;1;2023
CAKE;I Will Survive;2;2023
CALCUTTA;2minuti;7;2023
CAMELPHAT & ELDERBROOK;Cola;1;2023
CANDI STATON;Young Hearts Run Free;1;2023
CAPAREZZA;Fuori dal tunnel;1;2023
CARMEN CONSOLI;Confusa e Felice;1;2023
CASINO ROYALE;Anno zero;2;2023
CASINO ROYALE;CRX;1;2023
CATERINA CASELLI;Nessuno Mi Può Giudicare;2;2023
CENTORY;Point of No Return;1;2023
CESARE CREMONINI;Mondo;1;2023
CESARE CREMONINI & MASSENA BOYS;Eccolo Qua Il Natale (Una Notte Tra Tante);1;2023
CHARLES AZNAVOUR;Les comédiens;1;2023
CHRIS ISAAK;Baby Did a Bad Bad Thing;2;2023
CHRIS ISAAK;Wicked Game;2;2023
CHUCK BERRY;You Never Can Tell;1;2023
CLAUDIA MORI;Non succederà più (feat. Adriano Celentano);2;2023
CLAUDIO BAGLIONI;Avrai;1;2023
CLAUDIO BAGLIONI;La vita è adesso;1;2023
CLAUDIO BAGLIONI;Mille Giorni Di Te E Di Me;1;2023
CLAUDIO BAGLIONI;Strada Facendo;1;2023
COCKI MAZZETTI;La domenica;1;2023
COEZ, FRAH QUINTALE;Che colpa ne ho;4;2023
COLAPESCE & DIMARTINO;Musica leggerissima;1;2023
COLAPESCE & DIMARTINO;Sesso e architettura;3;2023
COLAPESCE & DIMARTINO;Splash;6;2023
COLAPESCE & DIMARTINO;Toy Boy (feat. Ornella Vanoni);1;2023
COLDPLAY;Don't Panic;1;2023
COLDPLAY;Humankind;2;2023
COLDPLAY;In my place;1;2023
COLOMBRE;Più di prima (feat. Franco126);2;2023
COMA_COSE;AGOSTO MORSICA;4;2023
COMA_COSE;Chiamami;1;2023
COMA_COSE;L'addio;2;2023
COSMO;La verità;1;2023
CREEDENCE CLEARWATER REVIVAL;Who'll Stop The Rain;1;2023
CRISPIE & ILIRA;Ladida (My Heart Goes Boom);1;2023
CYNDI LAUPER;Girls Just Want to Have Fun;1;2023
CYPRESS HILL;Insane In the Brain;1;2023
D4VD;Here With Me;3;2023
DAFT PUNK;Giorgio by Moroder;1;2023
DAFT PUNK;One More Time;1;2023
DANIELE SILVESTRI;Le cose in comune;1;2023
DANIELE SILVESTRI;L'uomo nello specchio (feat. Fulminacci);1;2023
DANIT;Lunita;3;2023
DAVID KUSHNER;Daylight;4;2023
DAVID PENN & KPD;Ain't Got No;1;2023
DAVID SYLVIAN & RYUICHI SAKAMOTO;Forbidden Colours;1;2023
DEEJAY ALL STARS;A te (feat. Jovanotti);1;2023
DEEJAY ALL STARS;Tutti Pazzi per Merry Xmas;1;2023
DELTA V;Un'estate fa;1;2023
DEPECHE MODE;Ghosts Again;2;2023
DEPECHE MODE;Ghosts Again (Radio Edit);8;2023
DEPECHE MODE;Never Let Me Down Again;1;2023
DEPECHE MODE;Personal Jesus;1;2023
DEVENDRA BANHART;Santa Maria de Feira;1;2023
DINAH WASHINGTON;What A Difference A Day Made;1;2023
DIODATO;Ci vorrebbe un miracolo;2;2023
DIODATO;Così speciale;1;2023
DIODATO;Occhiali da sole;1;2023
DIRE STRAITS;Brothers In Arms;1;2023
DIRE STRAITS;Down To The Waterline;1;2023
DIRE STRAITS;Local Hero Wild Theme (Live);1;2023
DIRE STRAITS;Private Investigations;1;2023
DIRE STRAITS;Sultans Of Swing;2;2023
DIRE STRAITS;Tunnel of love;1;2023
DITONELLAPIAGA;Fossi Come Te;1;2023
DJ FRANCESCO;La Canzone Del Capitano;1;2023
DOJA CAT;Paint The Town Red;4;2023
DOJA CAT;Paint The Town Red (Radio Edit);1;2023
DOJA CAT;Paint The Town Red (Squeaky Clean);2;2023
DOMINIC FIKE;Mona Lisa (Spider Man Across the Spider Verse);3;2023
DOTAN;Diamonds In My Chest;4;2023
DRAKE;Passionfruit;1;2023
DRENCHILL;Freed From Desire (feat. Indiiana);1;2023
DRUPI;Piccola e Fragile;1;2023
DUA LIPA;Dance The Night;3;2023
DUA LIPA;Houdini;3;2023
DUSTY SPRINGFIELD;Son of a Preacher Man;1;2023
DUSTY SPRINGFIELD;Spooky;1;2023
DYNORO & GIGI D'AGOSTINO;In My Mind;1;2023
EAGLES;Hotel California;2;2023
EAGLES;Take It Easy;1;2023
ED SHEERAN;American Town;1;2023
ED SHEERAN;Celestial;2;2023
ED SHEERAN;Eyes Closed;8;2023
EDITH PIAF;La Vie En Rose;1;2023
EDITH PIAF;Non, Je Ne Regrette Rien;1;2023
EDOARDO BENNATO;Un Giorno Credi;1;2023
EDOARDO BENNATO;Viva La Mamma;1;2023
ELASTICA;2 1;1;2023
ELBOW;Gentle Storm;1;2023
ELISA;Come te nessuno mai;3;2023
ELISA;Quando Nevica;2;2023
ELLA FITZGERALD & LOUIS ARMSTRONG;Let's Call the Whole Thing Off;1;2023
ELODIE;A Fari Spenti;5;2023
ELODIE;Due;4;2023
ELODIE;Ok. Respira;2;2023
ENZO JANNACCI;Silvano;1;2023
ERIC CLAPTON;Double Trouble (Just One Night Live);2;2023
ERIC CLAPTON;Lay Down Sally;1;2023
ERIC CLAPTON;Magnolia (feat. John Mayer);1;2023
ERNIA (CON BRESH & FABRI FIBRA);Parafulmini;3;2023
ETTA JAMES;I'd Rather Go Blind;1;2023
EVEREST;Garamond;1;2023
EX-OTAGO;Con te;2;2023
EX-OTAGO, FABRI FIBRA;Mondo Panico;1;2023
FABIO CONCATO;M'innamoro Davvero;3;2023
FABRI FIBRA;Stavo pensando a te;1;2023
FABRIZIO DE ANDRÉ;Don Raffaè;1;2023
FEDERICO SCAVO;Caliente (feat. Roy Paci);2;2023
FERRUCCIO TAGLIAVINI;Voglio vivere così;1;2023
FINK;Looking Too Closely;1;2023
FIORELLA MANNOIA;La casa in riva al mare;2;2023
FISHER & SHERMANOLOGY;It's A Killa;1;2023
FLEETWOOD MAC;Dreams;1;2023
FOR KING + COUNTRY & JORDIN SPARKS;Love Me Like I Am (R3HAB Remix);3;2023
FRANCESCO DE GREGORI;I muscoli del capitano;1;2023
FRANCESCO DE GREGORI;La donna cannone (1983);1;2023
FRANCESCO DE GREGORI;La leva calcistica della classe '68;1;2023
FRANCESCO DE GREGORI;Rimmel;1;2023
FRANCESCO NUTI;Sarà Per Te;1;2023
FRANCESCO TRICARICO;Io sono Francesco;1;2023
FRANCO BATTIATO;Amore che vieni, amore che vai;1;2023
FRANCO BATTIATO;E Ti Vengo A Cercare;1;2023
FRANCO BATTIATO;Gli Uccelli;1;2023
FRANCO BATTIATO;Il silenzio del rumore, 31 Dicembre 1999, Ore 9;1;2023
FRANCO BATTIATO;La Cura;1;2023
FRANCO BATTIATO;La stagione dell'amore;1;2023
FRANCO BATTIATO;L'animale;1;2023
FRANCO BATTIATO;L'ombra della luce (Live Baghdad);1;2023
FRANCO BATTIATO;Tutto l'universo obbedisce all'amore (con Carmen Consoli);1;2023
FRANCO BATTIATO;Un'Altra Vita;1;2023
FRANCO CALIFANO;Io Non Piango;1;2023
FRANCO CALIFANO;Tac;1;2023
FRANCO CALIFANO;Tutto il resto è noia;1;2023
FRANCOISE HARDY;Des ronds dans l'eau;1;2023
FRANK SINATRA;Come Rain or Come Shine;1;2023
FRANK SINATRA;Cycles;1;2023
FRANK SINATRA;I've Got You Under My Skin (with Bono Vox);1;2023
FRANK SINATRA;My Way;1;2023
FRANK SINATRA;That's Life;1;2023
FRED AGAIN.. & THE BLESSED MADONNA;Marea (We've Lost Dancing);1;2023
FUN LOVIN' CRIMINALS;We Have All the Time In the World;2;2023
GABRY PONTE, HOSANNA;One By One (Extended);2;2023
GAIA;ESTASI;3;2023
GALA;Come Into My Life (Molella and Phil Jay Edit Mix);1;2023
GAZEBO;I Like Chopin (Single Edit);2;2023
GENESI;Everything You Have Done (Meduza Edit);1;2023
GEORGE BAKER SELECTION;Little Green Bag;2;2023
GEORGE THOROGOOD & THE DESTROYERS;One Bourbon, One Scotch, One Beer;1;2023
GIANLUCA GRIGNANI;La mia storia tra le dita;2;2023
GIANMARIA TESTA;Il valzer di un giorno;2;2023
GIANNA NANNINI;Sei nell'anima;2;2023
GIANNI TOGNI;Luna;1;2023
GIGI D'AGOSTINO;L'amour toujours (I'll Fly with You);1;2023
GINO PAOLI;Sapore di sale;1;2023
GINO PAOLI;Una lunga storia d'amore (Per Una Storia);2;2023
GIORGIO GABER;Io non mi sento italiano;1;2023
GIPSY KINGS;Caminando Por La Calle;2;2023
GIPSY KINGS;Djobi Djoba;1;2023
GIULIANO PALMA & THE BLUEBEATERS;Domani;1;2023
GORILLAZ;Tormenta (feat. Bad Bunny);5;2023
GOTAN PROJECT;Diferente;1;2023
GRACE JONES;La vie en rose;1;2023
GRANT-LEE PHILLIPS;Racing Away;1;2023
GREEN DAY;Basket Case;1;2023
GUÈ;Mollami Pt.2;3;2023
GUESCH PATTI;Etienne;1;2023
GUNS N' ROSES;Patience;1;2023
GUNS N' ROSES;Sweet Child O' Mine;1;2023
HANNES & WATERBABY;Stockholmsvy;3;2023
HARRY NILSSON;Everybody's Talkin';2;2023
HARRY STYLES;Music For a Sushi Restaurant;2;2023
HARRY STYLES;Satellite;3;2023
HERB ALPERT;This Guy's In Love With You;1;2023
HILIGHT TRIBE;Free tibet;1;2023
HOOVERPHONIC;2 Wicky;1;2023
HOOVERPHONIC;Por Favor;1;2023
HOZIER;Eat Your Young;1;2023
IL COMPLESSO MISTERIOSO;Christmas with the Yours;1;2023
IMAGINE DRAGONS;Symphony;5;2023
IMAGINE DRAGONS;Waves;2;2023
INDY STINTY;Comunque Auguri (feat. J Ax & Marco Mengoni);1;2023
INHALER;If You're Gonna Break My Heart;2;2023
INHALER;Love Will Get You There;2;2023
IRON MAIDEN;The Number Of The Beast;1;2023
IVANO FOSSATI;Il bacio sulla bocca;2;2023
J.J. CALE;Call Me The Breeze;1;2023
JACOB BELLENS;Untouchable;1;2023
JACOB BELLENS;Untouchable (Radio Edit);1;2023
JAKE SHEARS;Too Much Music;3;2023
JAMES BROWN;I Got You (I Feel Good);2;2023
JAMES TAYLOR;You've Got A Friend;1;2023
JAMIROQUAI;Space Cowboy (David Morales Classic Club Remix);1;2023
JAYDEE;Plastic Dreams;1;2023
JEFF BUCKLEY;Last Goodbye;1;2023
JEFF BUCKLEY;Lover, You Should Ve Come Over;1;2023
JESS GLYNNE;Silly Me;3;2023
JILL JONES;Intro (Baby You're A Trip), Mia Bocca;1;2023
JIM CROCE;Bad Bad Leroy Brown;2;2023
JIMI HENDRIX;Little Wing;3;2023
JIMMY FONTANA;Il Mondo;2;2023
JOEL CORRY, RAYE & DAVID GUETTA;BED;1;2023
JOHN PAUL YOUNG;Love Is in the Air;1;2023
JOHN PRINCEKIN;JPK;1;2023
JOHN TRAVOLTA & OLIVIA NEWTON-JOHN;You're The One That I Want;2;2023
JON BATISTE;Be Who You Are (Real Magic) (feat. JID, NewJeans & Camilo);1;2023
JOSÉ GONZÁLEZ;Heartbeats;1;2023
JOVANOTTI;Gente della notte;3;2023
JOVANOTTI;Mi fido di te;1;2023
JOVANOTTI;Un raggio di sole;1;2023
JULIETA VENEGAS;Me voy;1;2023
JULIO IGLESIAS;Se Mi Lasci Non Vale;4;2023
JUNG KOOK;Seven (feat. Latto);2;2023
JUNGLE;Back On 74;6;2023
JUSTIN TIMBERLAKE;CAN'T STOP THE FEELING!;1;2023
JVKE;golden hour;5;2023
KALI UCHIS;Moonlight;1;2023
KASABIAN;Goodbye Kiss;1;2023
KELIS;Caught Out There;1;2023
KENNY LOGGINS;Footloose;2;2023
KENYA GRACE;Strangers;6;2023
KHRUANGBIN & LEON BRIDGES;Texas Sun;1;2023
KING HARVEST;Dancing In the Moonlight;1;2023
KINGS OF CONVENIENCE;I Don't Know What I Can Save You From (Röyksopp Remix);2;2023
KISS;I Was Made For Lovin' You;1;2023
KITTY, DAISY & LEWIS;Going Up the Country;2;2023
LA BOUCHE;Be My Lover;1;2023
LADY GAGA;Bloody Mary;1;2023
LAUFEY;From The Start;3;2023
LAURA PAUSINI;UN BUON INIZIO;1;2023
LAURIE DARMON;Laisse moi t'aimer (Radio Edit);1;2023
LAZZA;CENERE;2;2023
LED ZEPPELIN;Immigrant Song;1;2023
LED ZEPPELIN;Whole Lotta Love;2;2023
LENNY KRAVITZ;TK421;7;2023
LEONA LEWIS;Bleeding love;1;2023
LEVANTE;Vivo;2;2023
LEWIS CAPALDI;Wish You The Best;2;2023
LIBIANCA;People;1;2023
LIGABUE;Certe Notti;1;2023
LIGABUE;Riderai;2;2023
LIGABUE;Una canzone senza tempo;1;2023
LIL NAS X;STAR WALKIN' (League of Legends Worlds Anthem);4;2023
LINUS;Accetta Il Consiglio... Per Questa Volta;1;2023
LITFIBA;Spirito;2;2023
LITTLE TONY;Riderà;2;2023
LIZZO;About Damn Time;1;2023
LIZZO;Special;7;2023
LOGIC;Highlife;2;2023
LOREDANA BERTÈ;Il mare d'inverno;1;2023
LOREDANA BERTÈ;In Alto Mare;1;2023
LOREDANA BERTÈ;Non Sono Una Signora;1;2023
LORETTA GOGGI;Maledetta Primavera;1;2023
LOU RAWLS;You'll Never Find Another Love Like Mine;1;2023
LOU REED;Perfect Day;1;2023
LOU REED;Walk On The Wild Side;1;2023
LOUIS PRIMA;Buona Sera;1;2023
LOUIS PRIMA;Just A Gigolo I Ain't Got Nobody;1;2023
LP;Golden;3;2023
LU COLOMBO;Maracaibo;3;2023
LUCA CARBONI;Fragole buone buone;2;2023
LUCIO BATTISTI;L'Aquila;2;2023
LUCIO BATTISTI;Sì, viaggiare;1;2023
LUCIO BATTISTI;Un'avventura;1;2023
LUCIO DALLA;Cara;1;2023
LUCIO DALLA;Caruso;1;2023
LUCIO DALLA;Futura;1;2023
LUCIO DALLA;L'anno che verrà;1;2023
LUCIO DALLA;Quale Allegria;2;2023
LUCIO DALLA & FRANCESCO DE GREGORI;Cosa Sarà;1;2023
LUIGI TENCO;Lontano lontano;1;2023
LÙNAPOP;50 Special;2;2023
LUSAINT;Dream Life;3;2023
LUSAINT;Fool For You;3;2023
LUUDE & ISSEY CROSS;Oh My (feat. Moby);1;2023
LUUDE & ISSEY CROSS;Oh My (feat. Moby) (Extended Mix);1;2023
MACHINE GUN KELLY;fake love don't last (feat. iann dior);2;2023
MACKLEMORE;NO BAD DAYS (feat. Collett);7;2023
MADAME;Il bene nel male;5;2023
MAE STEPHENS;If We Ever Broke Up;2;2023
MANIC STREET PREACHERS;If You Tolerate This Your Children Will Be Next;1;2023
MANU CHAO;Desaparecido;3;2023
MANUEL AGNELLI;Lo Sposo Sulla Torta;3;2023
MARCELLA BELLA;Nell'aria;1;2023
MARCO MENGONI;Due vite;3;2023
MARCO MENGONI, ELODIE;Pazza Musica;2;2023
MARIA ANTONIETTA;Arrivederci;1;2023
MARIA MENA;Home For Christmas;1;2023
MAROON 5;Middle Ground;1;2023
MAROON 5;Moves Like Jagger (feat. Christina Aguilera);1;2023
MARRACASH;IMPORTANTE;4;2023
MARSHMELLO;Happier (feat. Bastille);1;2023
MARVIN GAYE;I Heard It Through the Grapevine;1;2023
MARVIN GAYE;Sexual Healing;1;2023
MARVIN GAYE;What's Going On;1;2023
MASEGO;What You Wanna Try;1;2023
MATIA BAZAR;Per Un'ora D'amore;1;2023
MAX GAZZÈ;Che c'è di male;2;2023
MAX GAZZÈ;La vita com'è;2;2023
MAYRA ANDRADE;We Used to Call It Love (Radio Edit);1;2023
MAZZY STAR;Fade Into You;1;2023
MEGHAN TRAINOR;Made You Look;3;2023
MEIKO KAJI;The Flower Of Carnage;1;2023
MIA MARTINI & ROBERTO MUROLO;Cu' mme;2;2023
MICHAEL BUBLÉ;It's Beginning To Look a Lot Like Christmas;1;2023
MICHAEL GRAY;The Weekend (Radio Edit);1;2023
MICHAEL JACKSON;Billie Jean;1;2023
MICHAEL JACKSON;Don't Stop 'Til You Get Enough;1;2023
MIKE OLDFIELD;Moonlight Shadow;1;2023
MILEY CYRUS;Flowers;11;2023
MILEY CYRUS;Jaded;4;2023
MINA;Città vuota;1;2023
MINA;L'importante è finire;1;2023
MINA;Mi Sei Scoppiato Dentro Il Cuore;1;2023
MINA;Se telefonando;1;2023
MISSY ELLIOTT;Work It (Respect M.E.);1;2023
MITSKI;My Love Mine All Mine;4;2023
MOBY;Porcelain;1;2023
MOLOKO;Sing It Back (Boris Dlugosch Mix);1;2023
MORCHEEBA;Blindfold;1;2023
MS. LAURYN HILL;Doo Wop (That Thing);1;2023
NADA;Senza un perchè;1;2023
NAS & DAMIAN MARLEY;As We Enter;1;2023
NAT KING COLE;LOVE;1;2023
NATALINO OTTO;Ho un sassolino nella scarpa;1;2023
NEFFA;Aspettando il sole;3;2023
NEFFA;Prima di Andare Via;1;2023
NEGRAMARO;Fino al giorno nuovo (feat. Fabri Fibra);6;2023
NEGRAMARO;Solo3min;1;2023
NEGRAMARO, ELISA, JOVANOTTI;Diamanti;3;2023
NEGRITA;Rotolando verso sud;2;2023
NEIL YOUNG;Harvest Moon;2;2023
NEW TROLLS;Quella carezza della sera;2;2023
NIALL HORAN;Heaven;5;2023
NIALL HORAN;Meltdown;3;2023
NICK CAVE & THE BAD SEEDS;Into My Arms;1;2023
NICK DRAKE;One of These Things First;1;2023
NICK MULVEY;Fever To The Form;3;2023
NICOLA DI BARI;La Prima Cosa Bella;1;2023
NINA SIMONE;Mr. Bojangles;1;2023
NINO MANFREDI;Tanto pè cantà;1;2023
NIRVANA;Smells Like Teen Spirit;1;2023
NOEL GALLAGHER'S HIGH FLYING BIRDS;Easy Now;4;2023
NOEL GALLAGHER'S HIGH FLYING BIRDS;Easy Now (Radio Edit);2;2023
OASIS;Don't Look Back In Anger;1;2023
OASIS;Sunday Morning Call;2;2023
OCEANVS ORIENTALIS;Revenge Of The Wankers;1;2023
OI VA VOI;Refugee;1;2023
OLIVER HELDENS & DJS FROM MARS;Blue Monday (feat. Jd Davies);1;2023
OLIVIA RODRIGO;vampire;1;2023
ONEREPUBLIC;I Ain't Worried;1;2023
ONEREPUBLIC;Runaway;2;2023
ONEREPUBLIC, ASSASSIN'S CREED, MISHAAL TAMER;Mirage (for Assassin's Creed Mirage);3;2023
ORNELLA VANONI;Ma MiITR008201439;1;2023
ORNELLA VANONI, TOQUINHO, VINICIUS DE MORAES;La voglia, la pazzia;1;2023
OROFINO;Amsterdam (DJ Tennis Remix);2;2023
OTIS REDDING;(Sittin' On) The Dock Of The Bay;2;2023
OTTO OHM;Crepuscolaria;2;2023
PAOLO CONTE;Gli Impermeabili;1;2023
PAOLO NUTINI;New Shoes;2;2023
PASSENGERS & LUCIANO PAVAROTTI;Miss Sarajevo;2;2023
PATTY PRAVO;E dimmi che non vuoi morire;2;2023
PAUL & FRITZ KALKBRENNER;Sky And Sand;2;2023
PAUL RUSSELL;Lil Boo Thang;2;2023
PEARL JAM;Just Breathe;1;2023
PEARL JAM;Off He Goes;1;2023
PEGGY GOU;(It Goes Like) Nanana;1;2023
PEGGY GOU;(It Goes Like) Nanana (Edit);3;2023
PEGGY GOU, LENNY KRAVITZ;I Believe In Love Again;2;2023
PETER GABRIEL;i o (Bright Side Mix);1;2023
PETER GABRIEL;Solsbury Hill;1;2023
PHARRELL WILLIAMS;Happy;1;2023
PHATS & SMALL PRES. MUTANT DISCO;Turn Around;1;2023
PIERO PELÙ;Gigante;1;2023
PINGUINI TATTICI NUCLEARI;Coca zero;4;2023
PINGUINI TATTICI NUCLEARI;La nostra canzone (feat. Deejay All Stars);6;2023
PINGUINI TATTICI NUCLEARI;Ricordi;3;2023
PINGUINI TATTICI NUCLEARI;Rubami la Notte;3;2023
PINK FLOYD;Another Brick In The Wall, Pt. 2;1;2023
PINK FLOYD;Breathe;1;2023
PINK FLOYD;Comfortably Numb;2;2023
PINK FLOYD;Hey You;2;2023
PINK FLOYD;Shine On You Crazy Diamond (Parts 1 5);1;2023
PINK FLOYD;The Great Gig In The Sky;1;2023
PINK MARTINI;Sympathique;2;2023
PINO DANIELE;Quando;1;2023
PLANET FUNK;Any Given Day;1;2023
POLO & PAN;Ani Kuni (Edit);1;2023
POOLSIDE;Harvest Moon;2;2023
PORTUGAL. THE MAN;Feel It Still;1;2023
POST MALONE;Chemical;8;2023
POST MALONE;Enough Is Enough;11;2023
PUENTES, DANIT, NICK BARBACHANO;Colibri Dorado (feat. Jonas Winter);1;2023
PULP;Disco 2000;1;2023
PURPLE DISCO MACHINE, DUKE DUMONT, NOTHING BUT THIEVES;Something On My Mind;1;2023
QUEEN;A Kind of Magic;1;2023
QUEEN;Don't Stop Me Now;1;2023
QUINZE & BOB SINCLAR;Never Knew Love Like This Before;3;2023
R.I.O. & MADCON;Shine On (Original Extended);1;2023
RADIOHEAD;(Nice Dream);1;2023
RADIOHEAD;Creep;1;2023
RADIOHEAD;High and Dry;1;2023
RAF;Sei la più bella del mondo;1;2023
RAHILL;Fables (feat. Beck);2;2023
RAMONES;Blitzkrieg Bop;1;2023
RANDY CRAWFORD;Street Life;1;2023
RANDY CRAWFORD;Street Life (Edit);1;2023
RAY CHARLES;Georgia On My Mind;1;2023
RAY CHARLES;I Got A Woman;1;2023
RAY CHARLES;Shake A Tail Feather (with The Blues Brothers);3;2023
RED HOT CHILI PEPPERS;Around The World;2;2023
RENATO ZERO;Amico;1;2023
RENATO ZERO;Mi vendo;2;2023
RENZO ARBORE;Sì, la vita è tutt'un quiz;1;2023
RETTORE;Splendido Splendente;1;2023
RICCARDO COCCIANTE;Bella senz'anima;1;2023
RICCARDO COCCIANTE;Celeste nostalgia;1;2023
RICHARD SANDERSON;Reality;2;2023
RINO GAETANO;A Mano A Mano (E Cantava Le Canzoni Live);1;2023
RINO GAETANO;Sfiorivano Le Viole;1;2023
RITA ORA;Praising You (feat. Fatboy Slim);1;2023
RITON & NIGHTCRAWLERS;Friday (feat. Mufasa & Hypeman) (Dopamine Re Edit);1;2023
ROBIN S;Show Me Love;1;2023
ROD STEWART;Da Ya Think I'm Sexy;1;2023
RODRIGUEZ;I Think Of You;1;2023
ROO PANES;Tiger Striped Sky;1;2023
ROSA LINN;SNAP;3;2023
ROSALÍA;LLYLM;9;2023
ROY ORBISON;You Got It;1;2023
RYAN PARIS;Dolce Vita;1;2023
SAM COOKE;A Change Is Gonna Come;1;2023
SAM SMITH;Unholy (feat. Kim Petras);2;2023
SAM SMITH, CALVIN HARRIS, JESSIE REYEZ;I'm not here to make friends;5;2023
SAMUELE BERSANI;Freak;1;2023
SANTANA;Sideways (feat. Citizen Cope);2;2023
SAY SHE SHE;C'est Si Bon;3;2023
SELENA GOMEZ;Single Soon;2;2023
SERGIO CAPUTO;Un sabato italiano;1;2023
SERGIO ENDRIGO;Ci vuole un fiore;1;2023
SERGIO ENDRIGO;Io che amo solo te;1;2023
SERGIO MENDES & BRASIL '66;Mas Que Nada;1;2023
SHEILA CHANDRA;Ever So Lonely Eyes Ocean;1;2023
SHOCKING BLUE;Venus;1;2023
SIDEKICK;Deep Fear (Phobia Club Mix);1;2023
SIMON & GARFUNKEL;Mrs. Robinson;2;2023
SIMON & GARFUNKEL;The Sound of Silence;1;2023
SIMPLY RED;If You Don't Know Me By Now;1;2023
SIMPLY RED;Stars;1;2023
SNATAM KAUR;Mul Mantra;3;2023
SNOW PATROL;Chasing Cars;1;2023
SOLOMON BURKE;Cry to Me;1;2023
SONNY BOY WILLIAMSON;Help Me;1;2023
SOPHIE AND THE GIANTS, MEARSY;DNA;10;2023
SPILLER;Groovejet (If This Ain't Love) (Spiller's Extended Vocal Mix);1;2023
STAN GETZ & JOÃO GILBERTO;The Girl from Ipanema;1;2023
STATUS QUO;Whatever You Want;2;2023
STEALERS WHEEL;Stuck In The Middle With You;1;2023
STEFANO ROSSO;Una Storia Disonesta;3;2023
SUD SOUND SYSTEM;Sciamu a ballare;2;2023
SUPERGRASS;Alright;1;2023
SURF MESA;ily (i love you baby) (feat. Emilee);1;2023
SURVIVOR;Eye of the Tiger;3;2023
SZA;Kill Bill;3;2023
SZA;Nobody Gets Me;2;2023
TAKE THAT;Where We Are;2;2023
TAKE THAT;Windows;1;2023
TAME IMPALA;Wings Of Time;2;2023
TANANAI;TANGO;4;2023
TATE MCRAE;greedy;3;2023
TAYLOR SWIFT;Anti Hero;5;2023
TAYLOR SWIFT;Cruel Summer;1;2023
TAYLOR SWIFT;Is It Over Now (Taylor's Version) (From The Vault);2;2023
TEDDY SWIMS;Lose Control;3;2023
THE ALAN PARSONS PROJECT;Eye in the Sky;2;2023
THE AVENER;Fade Out Lines (Radio Edit);1;2023
THE BEATLES;Bad Boy;1;2023
THE BEATLES;Norwegian Wood (The Bird Has Flown);1;2023
THE BEATLES;Now And Then;6;2023
THE BEATLES;Something;3;2023
THE BEATLES;While My Guitar Gently Weeps;1;2023
THE BLACK KEYS;Lonely Boy;3;2023
THE BLAZE;Territory;2;2023
THE BLESSED MADONNA;Mercy (feat. Jacob Lusk);2;2023
THE BLESSED MADONNA;Mercy (feat. Jacob Lusk) (Extended);4;2023
THE CARS;Drive;1;2023
THE CLASH;London Calling;1;2023
THE COMMODORES;Easy;1;2023
THE DANDY WARHOLS;Bohemian Like You;1;2023
THE DOOBIE BROTHERS;Long Train Running;2;2023
THE DOORS;Roadhouse Blues;2;2023
THE FRATELLIS;Chelsea Dagger;1;2023
THE OFFSPRING;Pretty Fly (For a White Guy);2;2023
THE PRODIGY;Smack My Bitch Up;1;2023
THE ROLLING STONES;Angry;4;2023
THE ROLLING STONES;Jumpin' Jack Flash;2;2023
THE ROLLING STONES;Living In A Ghost Town;1;2023
THE ROLLING STONES;Mess It Up;3;2023
THE ROLLING STONES;Mess It Up (Purple Disco Machine Remix);2;2023
THE ROLLING STONES;Miss You;1;2023
THE ROLLING STONES;Start Me Up;2;2023
THE SMITHS;Please, Please, Please, Let Me Get What I Want;2;2023
THE TRAMMPS;Disco Inferno;1;2023
THE VACCINES;Heartbreak Kid;1;2023
THE VERVE;Bitter Sweet Symphony;1;2023
THE VERVE;Lucky Man;1;2023
THIRTY SECONDS TO MARS;Seasons;6;2023
THIRTY SECONDS TO MARS;Stuck;4;2023
TI.PI.CAL.;Round And Around (Extended Mix);1;2023
TIËSTO & MOSKA;Acordeão;1;2023
TIMORIA;Senza Vento;1;2023
TIROMANCINO;La descrizione di un attimo;3;2023
TIROMANCINO, ENULA;Due Rose;4;2023
TIZIANO FERRO;Addio Mio Amore;3;2023
TIZIANO FERRO;Destinazione Mare;2;2023
TOMMASO PARADISO;Blu ghiaccio travolgente;1;2023
TOMMASO PARADISO;Viaggio intorno al sole;4;2023
TONINO CAROTONE;Me Cago en el Amor;1;2023
TOTO;Africa;1;2023
TR3NACRIA & STEREOKILLA;La Foule;2;2023
TR3NACRIA & STEREOKILLA;La Foule (Club Mix);3;2023
TRACY CHAPMAN;Baby Can I Hold You;1;2023
TRINIX & FAFÁ DE BELÉM;Emorio (Radio Edit);2;2023
TROPICO;Che Mme Lassat' A Fa;2;2023
TROPICO;Fantasie (con Cesare Cremonini);5;2023
TROYE SIVAN;Rush;2;2023
TROYE SIVAN;Rush (Extended);1;2023
TRUSS ROD;Run Wild;2;2023
TUNNELVISIONS;Guava;2;2023
TYLA;Water;4;2023
TYLA X TRAVIS SCOTT;Water (Remix);1;2023
U2;Atomic City;4;2023
U2;One;1;2023
U2;Vertigo;3;2023
UMBERTO TOZZI;Stella Stai;2;2023
URGE OVERKILL;Girl, You'll Be a Woman Soon;1;2023
VAN HALEN;Jump;1;2023
VANESSA DA MATA;Boa Sorte (con Ben Harper);1;2023
VASCO ROSSI;Gli sbagli che fai;4;2023
VASCO ROSSI;La noia;2;2023
VASCO ROSSI;Non l'hai mica capito;2;2023
VASCO ROSSI;Portatemi Dio;1;2023
VASCO ROSSI;Sally;2;2023
VASCO ROSSI;Toffee;1;2023
VASCO ROSSI;Una canzone per te;2;2023
VASCO ROSSI;Va Bene, Va Bene Cosi (Live);1;2023
VASCO ROSSI;Vivere;1;2023
VELVET;Boyband;1;2023
VENERUS;Resta qui;3;2023
VILLAGE PEOPLE;YMCA;1;2023
VILLAGERS;Everything I Am Is Yours;1;2023
VINICIO CAPOSSELA;Che cossè l'amor;1;2023
VINICIO CAPOSSELA;Ovunque Proteggi;1;2023
VINICIO CAPOSSELA;Si è spento il sole;1;2023
VIOLA VALENTINO;Comprami;2;2023
WHITNEY HOUSTON;I Wanna Dance With Somebody (Who Loves Me);1;2023
WILDCHILD;Renegade Master (Fatboy Slim Old Skool Edit);1;2023
WILL.I.AM;Scream & Shout (feat. Britney Spears);1;2023
WUKI;Sunshine (My Girl);1;2023
WYCLEF JEAN;Gone Till November;1;2023
WYCLEF JEAN;We Trying to Stay Alive (feat. John Forté & Pras);1;2023
XAVIER RUDD;Storm Boy;1;2023
YUKSEK, VOYOU & PÀULA;Hypra Sensorial;1;2023
YUNGBLUD;Mad;2;2023
YUSUF / CAT STEVENS;Father And Son;1;2023
YUSUF / CAT STEVENS;Wild World;1;2023
YVONNE ELLIMAN;If I Can't Have You;1;2023
ZAKES BANTWINI, KASANGO & CLAPTONE;Osama (Claptone Remix);2;2023
ZEF E MARZ, ELISA, LA RAPPRESENTANTE DI LISTA;Tilt;2;2023
ZUCCHERO;Dune Mosse (with Miles Davis);2;2023
ZUCCHERO;Miserere;1;2023
ZUCCHERO;Per Colpa Di Chi;3;2023
