songartist,nn
'VASCO ROSSI';128
'THE WEEKND';102
'NEGRAMARO';91
'COLDPLAY';89
'U2';73
'DUA LIPA';64
'ELISA';64
'FRANCO BATTIATO';64
'POST MALONE';62
'JOVANOTTI';61
'HARRY STYLES';60
'PINK FLOYD';56
'CESARE CREMONINI';50
'IMAGINE DRAGONS';47
'AC/DC';46
'ADELE';46
'THE ROLLING STONES';45
'ED SHEERAN';44
'LUCIO BATTISTI';44
'LUCIO DALLA';44
'PINGUINI TATTICI NUCLEARI';43
'BRUNORI SAS';43
'DEEJAY ALL STARS';39
'GIPSY KINGS';39
'THE BEATLES';39
'SAM SMITH';38
'ADRIANO CELENTANO';38
'DIRE STRAITS';35
'CALCUTTA';33
'JACOB BELLENS';33
'SOFI TUKKER';33
'TOMMASO PARADISO';33
'MAX GAZZÈ';32
'BILLIE EILISH';32
'ALICIA KEYS';31
'SAMUEL';31
'DANIT';30
'MILEY CYRUS';30
'LENNY KRAVITZ';30
'MAROON 5';29
'ELIO E LE STORIE TESE';29
'FRANCESCO DE GREGORI';28
'BOB DYLAN';28
'BRUNO MARS, ANDERSON .PAAK, SILK SONIC';28
'THEGIORNALISTI';28
'THIRTY SECONDS TO MARS';27
'ZUCCHERO';27
'ELBOW';27
'LUCA CARBONI';27
'LP';27
'JOAN THIELE';27
'LIZZO';26
'FAMILY OF THE YEAR';26
'BIFFY CLYRO';26
'BENEE';26
'BILL CONTI';25
'EDOARDO BENNATO';25
'STEFANO ROSSO';25
'COMA_COSE';24
'DIODATO';24
'CELESTE';24
'JAIN';24
'PURPLE DISCO MACHINE';24
'RED HOT CHILI PEPPERS';24
'REX ORANGE COUNTY';23
'NICK MULVEY';23
'JAMES BAY';23
'IVANO FOSSATI';23
'DEPECHE MODE';23
'DRAKE';23
'FABRI FIBRA';23
'BRUCE SPRINGSTEEN';22
'ALAN SORRENTI';22
'OASIS';22
'RAG'N'BONE MAN';21
'NOEL GALLAGHER'S HIGH FLYING BIRDS';21
'MATT SIMONS';21
'MICHAEL JACKSON';21
'COLAPESCE & DIMARTINO';21
'GLASS ANIMALS';21
'VINICIO CAPOSSELA';21
'GEORGE EZRA';20
'FINK';20
'ANTONELLO VENDITTI';20
'PURPLE DISCO MACHINE & SOPHIE AND THE GIANTS';20
'ONEREPUBLIC';20
'LIAM GALLAGHER';20
'LIL NAS X';19
'LOREDANA BERTE'';19
'OFENBACH';19
'PINO DANIELE';19
'RADIOHEAD';19
'RAY CHARLES';19
'MARRACASH';19
'883';19
'BAUSTELLE';19
'CARMEN CONSOLI';19
'FRANK SINATRA';19
'GUNS N' ROSES';19
'YUSUF / CAT STEVENS';19
'TIROMANCINO';19
'TOM WALKER';18
'DOTAN';18
'DOJA CAT';18
'ELODIE';18
'ERIC CLAPTON';18
'CHARLIE PUTH';18
'BOB MARLEY & THE WAILERS';18
'RINO GAETANO';18
'PORTUGAL. THE MAN';18
'PEARL JAM';18
'KINGS OF CONVENIENCE';18
'KITTY, DAISY & LEWIS';18
'LADY GAGA';18
'JULIO IGLESIAS';18
'JUSTIN TIMBERLAKE';17
'HOOVERPHONIC';17
'LONDON GRAMMAR';17
'QUEEN';17
'ROBBIE WILLIAMS';17
'MINA';17
'NADA';17
'CESARE CREMONINI & MASSENA BOYS';17
'TIZIANO FERRO';17
'XAVIER RUDD';17
'THE XX';16
'THE AVENER';16
'SOPHIE AND THE GIANTS';16
'BASTILLE';16
'GLORIA GAYNOR';16
'GORILLAZ';16
'FEDER';16
'EX-OTAGO';16
'MUSE';16
'NINA SIMONE';16
'RENATO ZERO';16
'LOST FREQUENCIES & ZONDERLING';16
'MADAME';16
'LEWIS CAPALDI';16
'JACK SAVORETTI';16
'KASABIAN';15
'JUNGE JUNGE';15
'LOUS AND THE YAKUZA';15
'ORNELLA VANONI';15
'ETTA JAMES';15
'DUSTY SPRINGFIELD';15
'EAGLES';15
'DEVENDRA BANHART';15
'DAFT PUNK';15
'ARETHA FRANKLIN';15
'ACHILLE LAURO';15
'BLONDIE';15
'SOMEWHERE ANYWHERE';15
'SNATAM KAUR';15
'RUDIMENTAL';15
'TAYLOR SWIFT';15
'THE CHAINSMOKERS';14
'THE FEATHER';14
'SIMON & GARFUNKEL';14
'SUBSONICA';14
'CLAUDIA MORI';14
'CLAUDIO BAGLIONI';14
'AL GREEN';14
'DURAN DURAN';14
'ELLE KING';14
'FABIO CONCATO';14
'GIANNA NANNINI';14
'GINO PAOLI';14
'NANKOO';14
'MICHAEL BUBLÉ';14
'MARVIN GAYE';14
'MARCO MENGONI';14
'LUCIANO PAVAROTTI';14
'KUTIMAN';14
'JAMES BROWN';14
'JIMI HENDRIX';13
'LUKAS GRAHAM';13
'MADISON MARS';13
'LITTLE TONY';13
'MAX PEZZALI';13
'POOLSIDE';13
'GAZEBO';13
'ELVIS PRESLEY';13
'DANIELE SILVESTRI';13
'COSMO';13
'ALICE MERTON';13
'CAPAREZZA';13
'SUPERGRASS';13
'SAINT MOTEL';13
'THE BLACK KEYS';13
'THE SMITHS';13
'THE CURE';12
'THE KILLERS';12
'SURFACES';12
'SANTANA';12
'STEVIE WONDER';12
'SIMPLY RED';12
'WANKELMUT & EMMA LOUISE';12
'COEZ';12
'BRUNO MARS';12
'ALFIE TEMPLEMAN';12
'ARIZONA ZERVAS';12
'GAIA';12
'GIORGIA, LAURA, MARIO & TIZIANO';12
'FIORELLA MANNOIA';12
'OTIS REDDING';12
'MEDUZA';12
'NEGRITA';12
'LU COLOMBO';12
'JOSH RITTER';12
'IL COMPLESSO MISTERIOSO';12
'HOZIER';11
'JIMMY FONTANA';11
'JIM CROCE';11
'LOUIS BERRY';11
'LORDE';11
'MAHMOOD';11
'MAÎTRE GIMS';11
'KYGO';11
'KID CUDI';11
'NICCOLÒ FABI';11
'NICOLA DI BARI';11
'NAT KING COLE';11
'NATALIA LAFOURCADE';11
'OTTO OHM';11
'RENZO ARBORE';11
'RICCARDO COCCIANTE';11
'GAZZELLE';11
'HAIM';11
'DARIN';11
'DAN AUERBACH';11
'DOMINIC FIKE';11
'CHRIS ISAAK';11
'CATERINA CASELLI';11
'UMBERTO TOZZI';11
'TOTO';11
'SAM COOKE';11
'SZA & JUSTIN TIMBERLAKE';11
'THE KNOCKS';11
'THE DOOBIE BROTHERS';11
'THE POLICE';11
'THE STRUMBELLAS';10
'THE WALTERS';10
'TONES AND I';10
'SURVIVOR';10
'ROSA LINN';10
'ROSALÍA';10
'SOPHIE AND THE GIANTS, MEARSY';10
'U2 + A.R. RAHMAN';10
'BRYAN FERRY';10
'CHUCK BERRY';10
'BON JOVI';10
'BOUCHRA';10
'AQUILO';10
'ARIETE';10
'AVICII';10
'BARRY WHITE';10
'ANDERSON .PAAK';10
'EMMY MELI';10
'GWEN STEFANI';10
'GREEN DAY';10
'FUN LOVIN' CRIMINALS';10
'FLORENCE + THE MACHINE';10
'RIDSA';10
'POOH';10
'PLANET FUNK';10
'PAOLO NUTINI';10
'OMI';10
'NIALL HORAN';10
'MARSHMELLO';10
'LAURA GIBSON';10
'LUCIO DALLA & FRANCESCO DE GREGORI';10
'LYKKE LI';10
'JOHN TRAVOLTA & OLIVIA NEWTON-JOHN';10
'INHALER';10
'JAMIROQUAI';9
'JARRYD JAMES';9
'JEFF BUCKLEY';9
'KALI UCHIS';9
'MACKLEMORE';9
'MADONNA';9
'LITFIBA';9
'LOU REED';9
'LSD';9
'LED ZEPPELIN';9
'LIGABUE';9
'KISS';9
'LA BIEN QUERIDA';9
'LA RAPPRESENTANTE DI LISTA';9
'MARK RONSON';9
'NINO MANFREDI';9
'MOON TAXI';9
'MOTTA';9
'OMAR APOLLO';9
'PAOLO CONTE';9
'ELTON JOHN, DUA LIPA';9
'EDDIE VEDDER';9
'COLDPLAY X BTS';9
'CREEDENCE CLEARWATER REVIVAL';9
'DEAN LEWIS';9
'ANNALISA';9
'AMY WINEHOUSE';9
'BAZZI';9
'BEABADOOBEE';9
'AWOLNATION';9
'BARBATUQUES';9
'ANTONIO OF ITALY';9
'BOOMDABASH';9
'BOBBY DARIN';9
'BIRTHH';9
'BLANCO BROWN';9
'CLAIRE ROSINKRANZ';9
'CAMILA CABELLO';9
'TWENTY ONE PILOTS';9
'TRACY CHAPMAN';9
'SIR SLY';9
'SAM HUNT';9
'SZA';9
'THE CHEMICAL BROTHERS';9
'THEGIORNALISTI & DEEJAY ALL STARS';9
'THE VERVE';9
'THE WAR ON DRUGS';8
'THE PRINCE KARMA';8
'THE DOORS';8
'THE HAWK IN PARIS';8
'SAMUELE BERSANI';8
'SUFJAN STEVENS';8
'VANCE JOY';8
'X AMBASSADORS';8
'BOBBY WOMACK';8
'ARETHA FRANKLIN & THE BLUES BROTHERS';8
'BEE GEES';8
'BEN HARPER & ELLEN HARPER';8
'ALANIS MORISSETTE';8
'DONATELLA RETTORE';8
'GEORGE BAKER SELECTION';8
'GHEMON';8
'GIANLUCA GRIGNANI';8
'PHARRELL WILLIAMS';8
'NICK DRAKE';8
'NEW TROLLS';8
'MASSIVE ATTACK';8
'LOUIS PRIMA';8
'LOST FREQUENCIES';8
'LOREDANA BERTÈ';8
'MALIKA AYANE';8
'KALI UCHIS & OZUNA';8
'KEANU SILVA';8
'JUSTIN BIEBER';8
'JOSÉ GONZÁLEZ';7
'JESS GLYNNE';7
'JOHN PAUL YOUNG';7
'JONAS BLUE';7
'IZZY BIZU';7
'MAHMOOD & BLANCO';7
'KUNGS VS. COOKIN' ON 3 BURNERS';7
'KENNY LOGGINS';7
'MATIA BAZAR';7
'NEIL YOUNG';7
'NEFFA';7
'MONALDIN';7
'MIKE OLDFIELD';7
'MODJO';7
'NU GENEA';7
'POST MALONE & SWAE LEE';7
'PUENTES, DANIT, NICK BARBACHANO';7
'PULP';7
'ROBIN S';7
'ROBIN SCHULZ';7
'RAY LAMONTAGNE';7
'RANDY CRAWFORD';7
'GIANNI TOGNI';7
'FRITZ KALKBRENNER';7
'FRANCESCA MICHIELIN';7
'FRANCO126';7
'EMILIE MOVER';7
'ELTON JOHN';7
'DAVID GUETTA & SIA';7
'DAVID PENN & KPD';7
'CYNDI LAUPER';7
'DAVID BOWIE';7
'AARON FRAZER';7
'ALEX NEWELL, JESS GLYNNE & DJ CASSIDY';7
'AL BANO & ROMINA POWER';7
'BENNY BLANCO & JUICE WRLD';7
'ASHLEY PARK';7
'BUFFALO SPRINGFIELD';7
'BLINK 182';7
'BLUR';7
'BEYONCÉ';7
'BILL WITHERS';7
'BILLY BRAGG & WILCO';7
'CARL BRAVE';7
'WHITNEY HOUSTON';7
'TOTO CUTUGNO';7
'TROPICO';7
'YVONNE ELLIMAN';7
'STING';7
'SNOW PATROL';7
'SIDEKICK';7
'ROO PANES';7
'RODRIGUEZ';7
'RYAN PARIS';7
'THE CLASH';7
'THE BLESSED MADONNA';7
'TAME IMPALA';7
'SWEDISH HOUSE MAFIA & THE WEEKND';7
'THE ALAN PARSONS PROJECT';7
'THE AMAZING';6
'TEARS FOR FEARS';6
'THE 1975';6
'SURF MESA';6
'THE BLAZE';6
'THE WIND AND THE WAVE';6
'TIGGS DA AUTHOR';6
'TIME SQUARE';6
'RUFUS WAINWRIGHT';6
'SALEM ILESE';6
'RODRIGO AMARANTE';6
'RITON & NIGHTCRAWLERS';6
'SCORPIONS';6
'SKUNK ANANSIE';6
'ZAZ';6
'VENERUS';6
'CANDI STATON';6
'CALVIN HARRIS';6
'BIAGIO ANTONACCI, BENNY BENASSI';6
'BLANCO';6
'BOY & BEAR';6
'ARLO PARKS';6
'ALESSIA CARA';6
'ALEX FAROLFI';6
'AMERICA';6
'ANGÈLE';6
'ANNA OXA';6
'ANDY GRAMMER';6
'24KGOLDN';6
'DAVID GUETTA';6
'COMMODORES';6
'ELLIE GOULDING';6
'DOMENICO MODUGNO';6
'FISHER';6
'GIORGIA';6
'GEORGE MICHAEL';6
'GRACE JONES';6
'GOLDSTONE';6
'GNASH';6
'R.E.M.';6
'NOA';6
'PEGGY GOU';6
'PAROV STELAR';6
'PASSENGER';6
'PAUL & FRITZ KALKBRENNER';6
'MOBRICI';6
'MOBY';6
'NATHAN GOSHEN';6
'MUMFORD & SONS';6
'KENYA GRACE';6
'KINGS OF LEON';6
'LUSAINT';6
'LORD HURON';6
'I CANI';6
'HARRY NILSSON';6
'JAMES BLUNT';6
'JANIS JOPLIN';6
'JAMES TW';6
'JACK JOHNSON';6
'JENN MOREL';6
'JP COOPER';6
'JUNGLE';6
'JON BATISTE';6
'KENDRICK LAMAR & SZA';6
'KATY PERRY';6
'JVKE';5
'JONATHAN WILSON';5
'JOHNNY CASH';5
'JOHN MAYER';5
'JOHN LEGEND';5
'JACK GARRATT';5
'JANELLE MONÁE';5
'IMANY';5
'MANU CHAO';5
'MANUEL AGNELLI';5
'KLINGANDE';5
'KOVACS';5
'LIL PEEP & XXXTENTACION';5
'LEON BRIDGES';5
'LAY LOW';5
'NAPOLEONE';5
'MORRISSEY';5
'MARSHMELLO & HALSEY';5
'MARTIN GARRIX';5
'MÅNESKIN';5
'MARCELLA BELLA';5
'MARIO VENUTI';5
'MAYRA ANDRADE';5
'MAZZY STAR';5
'MILLIE TURNER';5
'PATTY PRAVO';5
'PAOLA TURCI';5
'ONEREPUBLIC & NEGRAMARO';5
'PROCOL HARUM';5
'RAFFAELLA CARRÀ';5
'RENATO CAROSONE';5
'ROBERT MILES';5
'GIUNI RUSSO';5
'HALSEY';5
'GHALI';5
'FABIO ROVAZZI';5
'FRANCES FOREVER';5
'FRED AGAIN.. & THE BLESSED MADONNA';5
'FOSTER THE PEOPLE';5
'DRUPI';5
'EDOARDO VIANELLO';5
'DULCE PONTES & ENNIO MORRICONE';5
'ELLA FITZGERALD & LOUIS ARMSTRONG';5
'EPHEMERALS';5
'A-HA';5
'BARRY MANILOW';5
'BEN E. KING';5
'BOB SINCLAR';5
'BRUNO LAUZI';5
'BILLIE HOLIDAY';5
'BLANCO, MINA';5
'CAKE';5
'CARO EMERALD';5
'CKAY';5
'CAT POWER';5
'WHAM';5
'TROYE SIVAN';5
'TR3NACRIA & STEREOKILLA';5
'UMBERTO BALSAMO';5
'VANESSA DA MATA';5
'URGE OVERKILL';5
'YEARS & YEARS';5
'YALL';5
'STROMAE';5
'STEVE LACY';5
'STEALERS WHEEL';5
'SAM SMITH, CALVIN HARRIS, JESSIE REYEZ';5
'SAM FENDER';5
'TONINO CAROTONE';5
'THE CHAINSMOKERS & COLDPLAY';5
'SURFACES & ELTON JOHN';5
'TANANAI';5
'TALKING HEADS';5
'TAI VERDES';5
'THE AVENER & KADEBOSTANY';5
'THE CRANBERRIES';4
'TIËSTO & MOSKA';4
'TIROMANCINO, ENULA';4
'TOM JONES';4
'THE OFFSPRING';4
'THE RECORD COMPANY';4
'THE TEMPER TRAP';4
'THE TEMPTATIONS';4
'RUN-D.M.C.';4
'RUTH MOODY';4
'SERGIO ENDRIGO';4
'SHAWN MENDES';4
'SOTTOTONO';4
'SISTER SLEDGE';4
'SIYYU';4
'SIGMA';4
'SILK CITY, DUA LIPA';4
'SHOUSE';4
'YOUNGR';4
'ZAYN & TAYLOR SWIFT';4
'VAN HALEN';4
'TYLA';4
'TOPLOADER';4
'WILLIE PEYOTE';4
'WYCLEF JEAN';4
'VILLAGERS';4
'CIGARETTES AFTER SEX';4
'CHRISTOPHER CROSS';4
'COEZ, FRAH QUINTALE';4
'COLAPESCE, DIMARTINO & CARMEN CONSOLI';4
'CASTELLINA-PASI';4
'BLACK COFFEE';4
'BOOMDABASH & LOREDANA BERTÈ';4
'BRENDA LEE';4
'BRESH, PINGUINI TATTICI NUCLEARI';4
'BUGO';4
'BEN HARPER';4
'BEAUTY FREAK';4
'BENJAMIN CLEMENTINE';4
'ARIANA GRANDE';4
'AEROSMITH';4
'ALAN WALKER';4
'347AIDAN';4
'ABBA';4
'ANA TIJOUX';4
'ALLE FARBEN & RHODES';4
'EPOQUE';4
'ENZO JANNACCI';4
'EMINEM';4
'COUNTING CROWS';4
'CRISTINA D'AVENA';4
'CURTIS WATERS';4
'DAMIEN JURADO';4
'DAVID KUSHNER';4
'DAVID LEE ROTH';4
'DEAN MARTIN';4
'DEDA, FABRI FIBRA, NEFFA';4
'DEUS';4
'DISCLOSURE';4
'FOO FIGHTERS';4
'FRANCO CALIFANO';4
'FRANCOISE HARDY';4
'EROS RAMAZZOTTI';4
'FINNEAS';4
'GASHI';4
'REMA';4
'POWFU';4
'POLO & PAN';4
'NOUVELLE VAGUE';4
'PASSENGERS & LUCIANO PAVAROTTI';4
'PAUL KALKBRENNER';4
'PERCY SLEDGE';4
'PIERO';4
'MEGHAN TRAINOR';4
'MARIA GADÚ';4
'MITSKI';4
'NICKY WILLIAM';4
'NOËP';4
'NOIR DÉSIR';4
'NEIKED, MAE MULLER & POLO G';4
'LEAH NOBEL';4
'KHRUANGBIN & LEON BRIDGES';4
'KID FRANCESCOLI';4
'LÙNAPOP';4
'LOGIC';4
'LOLO';4
'LOUIS ARMSTRONG';4
'INDY STINTY';4
'HONNE';4
'JASELLI';4
'KARMIN';4
'KACEY MUSGRAVES';3
'KATE BUSH';3
'KATIA SVIZZERO';3
'JOHN LENNON';3
'JESSE & JOY';3
'JAY-Z';3
'JARABE DE PALO';3
'JAMIE LAWSON';3
'JAKE SHEARS';3
'HONNE & IZZY BIZU';3
'HELIOS';3
'I CAVALIERI DEL RE';3
'IANN DIOR';3
'J.J. CALE';3
'IRENE GRANDI & FREE CLIMBERS';3
'IRON MAIDEN';3
'LORETTA GOGGI';3
'LO STATO SOCIALE';3
'LIV';3
'MACE, BLANCO & SALMO';3
'MALLU MAGALHÃES';3
'MAJOR LAZER';3
'MAGIC!';3
'KHALID';3
'LADY GAGA & BRADLEY COOPER';3
'LEFTFIELD';3
'LAUFEY';3
'LIAM PAYNE & RITA ORA';3
'LEONARD COHEN';3
'LEVANTE';3
'NEGRAMARO, ELISA, JOVANOTTI';3
'NIRVANA';3
'MONO STREET';3
'MORCHEEBA';3
'NAHAZE';3
'MARIAN HILL';3
'MANIC STREET PREACHERS';3
'MARGARET GLASPY';3
'MAURIZIO CARUCCI';3
'MARINA REI';3
'MEL TORMÈ';3
'MEGAN THEE STALLION X DUA LIPA';3
'MAXINE SULLIVAN, BOB HAGGART & IKE ISAACS';3
'MIMMO CAVALLO';3
'MICHAEL KIWANUKA';3
'MICHAEL SEMBELLO';3
'PINK MARTINI';3
'PETER GABRIEL';3
'NORAH JONES';3
'ONEREPUBLIC, ASSASSIN'S CREED, MISHAAL TAMER';3
'R.I.O. & MADCON';3
'PUFF DADDY';3
'QUINZE & BOB SINCLAR';3
'RHYTHMS DEL MUNDO';3
'RICCHI E POVERI';3
'G-EAZY & HALSEY';3
'GIGLIOLA CINQUETTI';3
'GEORGE HARRISON';3
'HANNES & WATERBABY';3
'GUÈ';3
'GIRLS IN HAWAII';3
'GOTAN PROJECT';3
'FERRUCCIO TAGLIAVINI';3
'FATBOY SLIM';3
'FABRIZIO DE ANDRÉ';3
'FRANKIE HI-NRG MC';3
'FOR KING + COUNTRY & JORDIN SPARKS';3
'DENNIS EDWARDS';3
'DAMIEN RICE';3
'D4VD';3
'CRYSTAL FIGHTERS';3
'ELTON JOHN & BRITNEY SPEARS';3
'ELASTICA';3
'ELISA, JOVANOTTI';3
'ERMAL META';3
'ERNIA (CON BRESH & FABRI FIBRA)';3
'EASY LIFE';3
'DRENCHILL';3
'DINAH WASHINGTON';3
'DOCTOR & THE MEDICS';3
'ANDREA LASZLO DE SIMONE';3
'ANNA F.';3
'ADAM HOLMES';3
'5 SECONDS OF SUMMER';3
'ALESSANDRO CANINO';3
'ADRIANO PAPPALARDO';3
'ART OF NOISE';3
'ARTICOLO 31';3
'BANDOLERO';3
'BERRY';3
'BELINDA CARLISLE';3
'BRONSKI BEAT';3
'BROOKE FRASER';3
'BOBBY HEBB';3
'BONEY M';3
'BLACK PUMAS';3
'BLACKBEAR';3
'BOB MOSES';3
'BLOSSOMS';3
'BILLY IDOL';3
'BENNY BENASSI PRESENTS THE BIZ';3
'BILL MEDLEY & JENNIFER WARNES';3
'CASINO ROYALE';3
'CALVIN HARRIS & DUA LIPA';3
'COLDPLAY & BIG SEAN';3
'CHIC';3
'CHICAGO';3
'CHARLOTTE GAINSBOURG';3
'VITALIC';3
'VIOLA MARTINSSON';3
'VIOLA VALENTINO';3
'Y2K & BBNO$';3
'WHY DON'T WE';3
'TOVE LO';3
'TWO MAN SOUND';3
'UB40';3
'ZOE WEES';3
'YELAWOLF';3
'SIMPLE MINDS';3
'SERGIO CAPUTO';3
'SIA';3
'SNAKEHIPS & ANNE-MARIE';3
'STAN GETZ & JOÃO GILBERTO';3
'STEVE MILLER BAND';3
'STEREOPHONICS';3
'SUPER-HI X NEEKA';3
'SUPERTRAMP';3
'SHARON JONES & THE DAP-KINGS';3
'SHARON VAN ETTEN';3
'SELTON';3
'SEBASTIÁN YATRA & JOHN LEGEND';3
'SAY SHE SHE';3
'SCHWARZ';3
'SAMM HENSHAW';3
'RÜFÜS DU SOL';3
'SAMUELE BERSANI & PACIFICO';3
'SANTA ESMERALDA';3
'RYAN ADAMS';3
'SACHAL';3
'SADE';3
'SALMO';3
'ROCKING HORSE';3
'ROD STEWART';3
'RÖYKSOPP';3
'ROXY MUSIC';3
'ROSEMARY & GARLIC';3
'THE SUPREMES';3
'THE WEEPIES';3
'THE REAL THING';3
'TOM & HILLS';3
'TOM GRENNAN';3
'TOM ODELL';3
'THE FRATELLIS';3
'THE KINKS';3
'THE DANDY WARHOLS';3
'THE COMMODORES';3
'THE CARDIGANS';3
'THE BEACH BOYS';3
'TEDDY SWIMS';3
'TAKE THAT';3
'TATE MCRAE';3
'TALISCO';2
'TALK TALK';2
'TAKAGI & KETRA';2
'SONNY BOY WILLIAMSON';2
'THE BAND';2
'THE BANGLES';2
'THE COMMUNARDS';2
'THE DAVE BRUBECK QUARTET';2
'THE HANDSOME FAMILY';2
'TIËSTO';2
'THIEVERY CORPORATION';2
'THE MONKEES';2
'THE ROOTS';2
'THE LUMINEERS';2
'THE PRODIGY';2
'THE TURTLES';2
'THE VACCINES';2
'THE SMASHING PUMPKINS';2
'THE STAPLE SINGERS';2
'ROSEAUX';2
'ROY ORBISON';2
'RICHARD SANDERSON';2
'RODRIGUEZ JR., LISET ALEA';2
'RUDIMENTAL & MAJOR LAZER';2
'SAINT JHN';2
'SAULE';2
'SAN CISCO';2
'SAMUEL & COLAPESCE';2
'SAMUEL & FRANCESCA MICHIELIN';2
'SCISSOR SISTERS';2
'SEINABO SEY';2
'SELENA GOMEZ';2
'SDJM & CONOR MAYNARD';2
'SEAL';2
'SUPREME MUSIC';2
'SUD SOUND SYSTEM';2
'STATUS QUO';2
'SPANDAU BALLET';2
'SPILLER';2
'SPIN DOCTORS';2
'SOLOMON BURKE';2
'SHORTY, DIVAN, KY-MANI MARLEY';2
'SHEILA & B. DEVOTION';2
'ZAKES BANTWINI, KASANGO & CLAPTONE';2
'ZAYN';2
'YUMA';2
'YUMAN';2
'YUNGBLUD';2
'ZEF E MARZ, ELISA, LA RAPPRESENTANTE DI LISTA';2
'UNDERWORLD';2
'TOPIC & A7S';2
'TRE ALLEGRI RAGAZZI MORTI';2
'TRINIX & FAFÁ DE BELÉM';2
'TUNNELVISIONS';2
'TRUSS ROD';2
'WILL.I.AM';2
'WIZ KHALIFA';2
'VILLAGE PEOPLE';2
'VASCO ROSSI, MARRACASH';2
'VENERUS, FRAH QUINTALE & MACE';2
'CHROMATICS';2
'CHUBBY CHECKER';2
'CHRIS TRAPPER';2
'CHRISTINE AND THE QUEENS';2
'CALVIN HARRIS, DUA LIPA & YOUNG THUG';2
'CALEXICO';2
'CALVIN HARRIS, SAM SMITH';2
'CAMELPHAT & ELDERBROOK';2
'CARLY SIMON';2
'CESARE CREMONINI, LUCIO DALLA';2
'CESÁRIA EVORA';2
'BIG BROTHER & THE HOLDING COMPANY';2
'BETTYE SWANN';2
'BILLY JOEL';2
'BIRDY';2
'BLINK-182';2
'BOYS TOWN GANG';2
'BRAN VAN 3000';2
'BOOSTA';2
'BRYAN ADAMS';2
'BECK';2
'ASH & NAILA';2
'BETTA LEMME';2
'BENNY BENASSI & JEREMIH';2
'BENNY BENASSI';2
'BENIAMINO GIGLI';2
'BEN HARPER & THE INNOCENT CRIMINALS';2
'BANKS';2
'BAHAMAS';2
'ASTON MERRYGOLD';2
'ARMANI WHITE';2
'ARMAND VAN HELDEN';2
'ARCADE FIRE';2
'1 GIANT LEAP';2
'ALBERTO CAMERINI';2
'ALANNAH MYLES';2
'A TRIBE CALLED QUEST';2
'ADAM LEVINE';2
'ACRAZE';2
'ANDREAS JOHNSON';2
'ANDREW COMBS';2
'ALESSO & ANITTA';2
'DJ KHALED';2
'DORIS DAY';2
'DUKE DUMONT';2
'ECKHARDT AND THE HOUSE';2
'EARTH, WIND & FIRE';2
'EELS';2
'EDIE BRICKELL & NEW BOHEMIANS';2
'EDITH PIAF';2
'EDITORS';2
'ERLEND ØYE & LA COMITIVA';2
'ELLA FITZGERALD';2
'ELLIE GOULDING X DIPLO';2
'ELTON JOHN & KIKI DEE';2
'EMILIANA TORRINI';2
'CULTURE CLUB';2
'CRISPIE & ILIRA';2
'CORONA';2
'CRASH TEST DUMMIES';2
'COLOMBRE';2
'DAÐI FREYR';2
'CYPRESS HILL';2
'DAVE GAHAN & SOULSAVERS';2
'DASHIKI';2
'DENNIS LLOYD';2
'DIANA ROSS';2
'DIONNE WARWICK';2
'DIPLO';2
'DJ ALADYN, SATURNINO, BUNNA';2
'DJ SHORTY';2
'FORMULA 3';2
'FOGUS';2
'FRANCESCO BACCINI';2
'FRANCESCO SARCINA';2
'FRANCESCO RENGA';2
'FRAZEY FORD';2
'FRANK SINATRA & CYNDI LAUPER';2
'FRANCO126 & CALCUTTA';2
'FRED BONGUSTO';2
'FREDDIE MERCURY';2
'FREE MONKEYS';2
'FRENCH MONTANA';2
'FAITH NO MORE';2
'FABI SILVESTRI GAZZÈ';2
'EXTREME';2
'FAUSTO LEALI';2
'FEDERICO SCAVO';2
'FLEETWOOD MAC';2
'GRACE';2
'GNARLS BARKLEY';2
'GIULIANO PALMA & THE BLUEBEATERS';2
'GRANT-LEE PHILLIPS';2
'GRIMES';2
'HEATHER PARISI';2
'GIANMARIA TESTA';2
'GIANNI MORANDI';2
'GIGI D'AGOSTINO';2
'GIORGIO GABER';2
'GENERATION X';2
'GABRY PONTE, HOSANNA';2
'GAYLE';2
'RIHANNA';2
'RETTORE';2
'RADIOPLAYER';2
'RAF';2
'R. KELLY';2
'RAHILL';2
'RAMONES';2
'RAMSEY LEWIS';2
'POPS STAPLES';2
'PLACEBO';2
'PRETENDERS';2
'PANIC! AT THE DISCO';2
'PAOLO VALLESI';2
'ORNELLA VANONI, TOQUINHO, VINICIUS DE MORAES';2
'OROFINO';2
'OSCAR ANTON';2
'OF MONSTERS AND MEN';2
'OLLY MURS';2
'PHÀO';2
'PHARRELL WILLIAMS X CAMILA CABELLO';2
'PEPPINO DI CAPRI';2
'PAUL RUSSELL';2
'PEGGY GOU, LENNY KRAVITZ';2
'PATRIZIA LAQUIDARA';2
'MICHAEL FRANTI & SPEARHEAD';2
'MICK JAGGER';2
'MIHAIL';2
'MAX GAZZÈ, CARL BRAVE';2
'MECNA';2
'MIA MARTINI & ROBERTO MUROLO';2
'METHYL ETHEL';2
'MEIKO KAJI';2
'MARSHEAUX';2
'MARCO MENGONI, ELODIE';2
'MANO NEGRA';2
'MARCO FERRADINI';2
'MARIANNE MIRAGE';2
'MAK';2
'MARIAH CAREY';2
'NEA';2
'MURA MASA';2
'MORPHINE';2
'MOLOKO';2
'NICOLAS JAAR';2
'NEK';2
'NERI MARCORÈ';2
'NICK CAVE & THE BAD SEEDS';2
'LENNY';2
'LILY ALLEN';2
'LIONEL RICHIE';2
'LISA HANNIGAN';2
'LAZZA';2
'LAURA PAUSINI';2
'LAVENDER DIAMOND';2
'LEE COOPER';2
'LAID BACK';2
'LANDON PIGG';2
'KUNGS';2
'KYLIE MINOGUE';2
'KLINGANDE & BROKEN BACK';2
'KLEERUP';2
'KING HARVEST';2
'LUIS FONSI';2
'MAE STEPHENS';2
'MACHINE GUN KELLY';2
'LUUDE & ISSEY CROSS';2
'M. CRAFT';2
'LO-FANG';2
'LOS UNIDADES & PHARRELL WILLIAMS';2
'LOU RAWLS';2
'IGGY POP';2
'IAN BROWN';2
'HUEY LEWIS & THE NEWS';2
'HILIGHT TRIBE';2
'JAKOB DYLAN';2
'JAMES HERSEY';2
'JAMES BLAKE';2
'JACK BACK';2
'JACKIE WILSON';2
'JAMES NEWTON HOWARD';2
'JANIECK';2
'J-AX';2
'JAY Z & LINKIN PARK';2
'JASMINE THOMPSON';2
'JET';2
'JILL BARBER';2
'JIMMY CLIFF';2
'JOE GODDARD';2
'JOEL CORRY';2
'JORJA SMITH & PREDITAH';2
'JOSÉ FELICIANO';2
'KATIE MELUA';2
'KAROL G';2
'KAWALA';2
'KAYMA';2
'JUST US';2
'JUNG KOOK';2
'JULIA MICHAELS';2
'JOSH RECORD';2
'JOSIAH AND THE BONNEVILLES';1
'JULIETA VENEGAS';1
'JUSTIN BIEBER & BLOODPOP';1
'JUSTICE';1
'KELIS';1
'KATRINA & THE WAVES';1
'KANYE WEST';1
'JOHN PRINCEKIN';1
'JOEL CORRY, RAYE & DAVID GUETTA';1
'JOEY RAMONE';1
'JOHN BUTLER TRIO';1
'JOE JACKSON';1
'JOE SMOOTH';1
'JOANNA PHEONIX';1
'JOE COCKER';1
'JOAN JETT AND THE BLACKHEARTS';1
'JILL JONES';1
'JENNIFER ANN';1
'JEFFERSON AIRPLANE';1
'JASON MRAZ';1
'JAYDEE';1
'JAMES SENESE';1
'JAMES TAYLOR';1
'JAMIE T';1
'JACK Ü';1
'INXS';1
'IRENE CARA';1
'JAMES MORRISON';1
'JAMES ARTHUR';1
'JAKE BUGG';1
'HOLE';1
'HERB ALPERT';1
'HEREWEGO';1
'HEYMEN';1
'HHYMN';1
'I BIMBO JET';1
'I BLAME COCO';1
'I GATTI DI VICOLO MIRACOLI';1
'INCUBUS';1
'ICONA POP';1
'IL GENIO';1
'ISRAEL KAMAKAWIWO'OLE';1
'ITALIAN ALLSTARS 4 LIFE';1
'IVA ZANICCHI';1
'IVAN GRAZIANI';1
'J.LAMOTTA & ROY REEMY';1
'JA RULE';1
'LOS DEL RIO';1
'LORELLA CUCCARINI';1
'LIVE LOUNGE ALLSTARS';1
'LIVIO CORI';1
'LITTLE RICHARD';1
'LIZZO & CARDI B';1
'M.A.R.R.S.';1
'MACKLEMORE & RYAN LEWIS';1
'LUCIO DALLA & GIANNI MORANDI';1
'LUIGI TENCO';1
'MAJOR MURPHY';1
'MANYUS & DARIO GUIDA';1
'MARA SATTEI';1
'KH';1
'KID ROCK';1
'KIM CARNES';1
'L.A.B.';1
'LA BANDA DEI BUCANIERI';1
'LA BOUCHE';1
'LA LA LAND CAST';1
'KYGO & SELENA GOMEZ';1
'LAS KETCHUP';1
'LANA DEL REY';1
'LANA DEL REY VS CEDRIC GERVAIS';1
'LEN';1
'LENNIS RODRIGUEZ';1
'LEONA LEWIS';1
'LAURIE DARMON';1
'LAUV';1
'L'AURA';1
'LINKIN PARK';1
'LINUS';1
'LES NÉGRESSES VERTES';1
'LIBERATO';1
'LIBIANCA';1
'NIC CESTER';1
'NEIL DIAMOND';1
'NF';1
'NEW ORDER';1
'NEIKED';1
'NICK KAMEN';1
'NICKELBACK';1
'NO DOUBT';1
'NINO BUONOCORE';1
'NINO D'ANGELO';1
'NOMADI';1
'MODERAT';1
'MODERN TALKING';1
'MR. BIG';1
'MS. LAURYN HILL';1
'MUDDY WATERS';1
'N.E.R.D & RIHANNA';1
'N.E.R.D.';1
'NAS';1
'NAS & DAMIAN MARLEY';1
'NAUGHTY BOY';1
'NATALINO OTTO';1
'MARIA MENA';1
'MARILYN MANSON';1
'MARK KNOPFLER';1
'MARCO MASINI';1
'MARIA ANTONIETTA';1
'MARY J BLIGE & U2';1
'MASEGO';1
'MASEGO & DON TOLIVER';1
'MASSIMO DI CATALDO';1
'MASSIMO RANIERI';1
'MATTEI & OMICH VS ANDY & MIKE';1
'MATTN, STAVROS MARTINA & KEVIN D';1
'MARSHMELLO, YUNGBLUD & BLACKBEAR';1
'METALLICA';1
'METRÒ';1
'MEZZALA';1
'MEDUZA, BECKY HILL & GOODBOYS';1
'MIKA';1
'MIKE FRANCIS';1
'MIDGE URE';1
'MIGOS';1
'MISSY ELLIOTT';1
'MICHAEL GRAY';1
'MICHAEL FRANTI';1
'MICHELE ZARRILLO';1
'PAUL ANKA';1
'PATRICK BENIFEI';1
'PARRA FOR CUVA';1
'PENTATONIX';1
'PAUL SIMON';1
'PAUL MCCARTNEY';1
'PIERO FOCACCIA';1
'PIERO PELÙ';1
'PIPPO FRANCO';1
'PHATS & SMALL PRES. MUTANT DISCO';1
'PHIL COLLINS';1
'PERRY COMO';1
'PET SHOP BOYS';1
'OI VA VOI';1
'OLIVER HELDENS & DJS FROM MARS';1
'OLIVER TREE';1
'OLIVIA RODRIGO';1
'NORMAN GREENBAUM';1
'N-TRANCE';1
'OCEANVS ORIENTALIS';1
'ODESZA';1
'ÖWNBOSS, SEVEK';1
'OZARK HENRY';1
'P!NK';1
'PACIFICO';1
'PARAMORE';1
'ONEREPUBLIC & VEGAS JONES';1
'PRINCE';1
'PRAS';1
'POST MALONE & THE WEEKND';1
'PLAIN WHITE T'S';1
'PLAYAHITTY';1
'R. CITY';1
'PURPLE DISCO MACHINE, DUKE DUMONT, NOTHING BUT THIEVES';1
'QUARTETTO CETRA';1
'RAY LAMONTAGNE AND THE PARIAH DOGS';1
'RECYCLE';1
'REGINA SPEKTOR';1
'RIHANNA AND KANYE WEST AND PAUL MCCARTNEY';1
'RITA ORA';1
'RITA PAVONE';1
'RICHARD ASHCROFT';1
'RICHARD HAWLEY';1
'RICCARDO COCCIANTE & MINA';1
'ROBERT TEPPER';1
'ROBERTO VECCHIONI';1
'ROBIN THICKE';1
'ROCCO GRANATA';1
'GAVIN JAMES';1
'FULMINACCI';1
'GALA';1
'GARBAGE';1
'GENESI';1
'GEORGE COSBY';1
'G-EAZY & KEHLANI';1
'G-EAZY X BEBE REXHA';1
'GEORGE MCCRAE';1
'GEORGE MICHAEL & QUEEN';1
'GEORGE THOROGOOD & THE DESTROYERS';1
'HALEY REINHART';1
'HARD-FI';1
'HAROLD MELVIN & THE BLUE NOTES';1
'GROOVE DELIGHT';1
'GREBZ';1
'GUESCH PATTI';1
'HAILEE STEINFELD & GREY';1
'GLASS CANDY';1
'GIULIA Y LOS TELLARINI';1
'GIRL IN RED';1
'GOLDFRAPP';1
'GOO GOO DOLLS';1
'FINLEY QUAYE';1
'FISHER & SHERMANOLOGY';1
'FITZ AND THE TANTRUMS';1
'FEDEZ';1
'FILIPPO TIMI';1
'FANFARLO';1
'F.R. DAVID';1
'EX-OTAGO, FABRI FIBRA';1
'EURYTHMICS';1
'EVEREST';1
'EVERYTHING BUT THE GIRL';1
'FABIO VOLO';1
'FALCO';1
'FABRI FIBRA, MAURIZIO CARUCCI';1
'FREUR';1
'GABIN';1
'GABRIEL RIOS';1
'GABRIELLA FERRI';1
'FRANK SINATRA & NANCY SINATRA';1
'FRANCESCO SALVI';1
'FRANCESCO GABBANI';1
'FRANCESCO NUTI';1
'FRANCESCO TRICARICO';1
'FRANCO FRANCHI';1
'FPI PROJECT';1
'DJ SHORTY VS EL MICHA';1
'DJ SNAKE';1
'DNA';1
'DJ DARK & MD DJ';1
'DJ FRANCESCO';1
'DIPLO & MØ';1
'DILLON FRANCIS & MARTIN GARRIX';1
'DIODATO E ROY PACI';1
'DISCLOSURE & EKO ROOSEVELT';1
'DITONELLAPIAGA';1
'DIVINE FITS';1
'DJ ALADYN';1
'DENTE';1
'DEPRODUCERS';1
'DIANA KRALL';1
'DEATH CAB FOR CUTIE';1
'DELTA V';1
'DAVID SYLVIAN & RYUICHI SAKAMOTO';1
'DATURA';1
'DARIO BALDAN BEMBO';1
'COUSTEAU';1
'CORALIE CLÉMENT';1
'CORNERSHOP';1
'CURTIS HARDING';1
'CRY BOY CRY';1
'EMMA';1
'ERNIA';1
'ERIC PRYDZ';1
'ERLEND ØYE';1
'EQUIPE 84';1
'ERIC B. & RAKIM';1
'ENRICO NIGIOTTI';1
'ENRIQUE IGLESIAS';1
'ENYA';1
'EIFFEL 65';1
'DYNORO & GIGI D'AGOSTINO';1
'DOROTHY MOORE';1
'DJ NEIL ARMSTRONG';1
'DONNA SUMMER';1
'ALESSO';1
'ALICE';1
'ALICE DEEJAY';1
'ALMOST MONDAY';1
'ALPHAVILLE';1
'AN EMOTIONAL FISH';1
'ANDY WILLIAMS';1
'ANGELA MCCLUSKEY';1
'ANDREW BIRD';1
'ANDRA DAY & STEVIE WONDER';1
'ANDREA GUERRA';1
'ANGUS & JULIA STONE';1
'ANITTA';1
'ANOTR & ABEL BALDER';1
'ANTÔNIO CARLOS JOBIM & ELIS REGINA';1
'ACTION BRONSON';1
'ACHILLE LAURO, ROSE VILLAIN';1
'AALIYAH';1
'A R I Z O N A';1
'2PAC';1
'ALBERT HAMMOND';1
'ALEANDRO BALDI & FRANCESCA ALOTTA';1
'ALESSANDRO ERRICO';1
'AIR & BETH HIRSCH';1
'AL JARREAU';1
'ALABAMA 3';1
'APOLLO 440';1
'ARMANDO TROVAJOLI';1
'ASH';1
'BAND AID';1
'BAND AID 30';1
'BAND OF HORSES';1
'AY AY';1
'AYLA';1
'B.B. KING';1
'BABY K';1
'BABYBIRD';1
'BACKSTREET BOYS';1
'BAD BUNNY';1
'BEN KIM';1
'BEN L'ONCLE SOUL';1
'BENNY BENASSI & ANABEL ENGLUND';1
'BENJAMIN INGROSSO';1
'BENNY BENASSI & THE BIZ';1
'BENNY BLANCO, HALSEY & KHALID';1
'BETTY CURTIS';1
'BETH DITTO X THE SHOES';1
'BASEMENT JAXX';1
'BEADY EYE';1
'BECKY HILL';1
'BEN HARPER & THE BLIND BOYS OF ALABAMA';1
'BURAK YETER & CECILIA KRULL';1
'BURT BACHARACH';1
'C.S.I.';1
'C+C MUSIC FACTORY';1
'BONNIE TYLER';1
'BOOMDABASH & ALESSANDRA AMOROSO';1
'BON IVER';1
'BOB SINCLAR & RAFFAELLA CARRÀ';1
'"BOBBY ""BLUE"" BLAND"';1
'BOBBY DAY';1
'BLUVERTIGO';1
'BLIND MELON';1
'BISHOP';1
'BJONR';1
'BJÖRK & ROSALÍA';1
'BILLY CRUDUP';1
'BEYONCÉ & KENDRICK LAMAR';1
'CHARLES AZNAVOUR';1
'CHARLI XCX';1
'CHARLIE WINSTON';1
'CENTORY';1
'CASSIUS';1
'CAROL DOUGLAS';1
'CEDELLA MARLEY X SAVI & BANKAY';1
'CARMEN MCRAE';1
'CANOVA';1
'BUDDY HOLLY';1
'BUENA VISTA SOCIAL CLUB';1
'CALVIN HARRIS, JUSTIN TIMBERLAKE, HALSEY & PHARRELL WILLIAMS';1
'CALVIN HARRIS & THE WEEKND';1
'CHVRCHES';1
'CIARAN LAVERY';1
'CHER';1
'CHERYL LYNN';1
'CHET FAKER';1
'CHIELLO';1
'CHRIS STAPLETON';1
'COLDPLAY & SELENA GOMEZ';1
'CLAUDIO VILLA';1
'CLEAN BANDIT & JESS GLYNNE';1
'CLEMENTINO';1
'COCHI E RENATO';1
'COCKI MAZZETTI';1
'CODY CHESNUTT';1
'VENGABOYS';1
'VERA BLUE';1
'VELVET';1
'VINCENZO CALLEA';1
'WEEZER';1
'VISAGE';1
'WIZ KHALIFA, TY DOLLA $IGN, SUECO THE CHILD & LIL YACHTY';1
'WOLF ALICE';1
'WOODKID';1
'WRETCH 32';1
'WRONGONYOU';1
'WUKI';1
'WILSON PICKETT';1
'WILCO';1
'WILDCHILD';1
'WILL SMITH';1
'TUBEWAY ARMY';1
'TUJAMO, VIZE & MAJAN';1
'TURNER CODY';1
'TREY SONGZ';1
'TRAIN';1
'TRAVIS';1
'TYLA X TRAVIS SCOTT';1
'VAN MORRISON';1
'USA FOR AFRICA';1
'VANDELUX';1
'ZZ TOP';1
'ZAK ABEL';1
'ZEDD & ELLEY DUHÉ';1
'YO LA TENGO';1
'YOKO ONO';1
'YOUNG THE GIANT';1
'YUKSEK, VOYOU & PÀULA';1
'YAZOO';1
'SHEILA CHANDRA';1
'SHERYL CROW';1
'SHIRLEY BASSEY';1
'SHIVAREE';1
'SHOCKING BLUE';1
'SHORTY, FUEGO, PITBULL & JACOB FOREVER';1
'SHURA';1
'SIGALA';1
'SNAP!';1
'SINÉAD O'CONNOR';1
'SNOOP DOGG';1
'SIX60';1
'SIXPENCE NONE THE RICHER';1
'SKYE';1
'SLASH';1
'SMILER';1
'SMOKEY ROBINSON & THE MIRACLES';1
'SON LITTLE';1
'SONNY & CHER';1
'SOUNDGARDEN';1
'SPADA VS PREZIOSO';1
'SPAGNA';1
'SQUALLOR';1
'SPIN 1NE 2WO';1
'STEELY DAN';1
'SUEDE';1
'SUGABABES';1
'SUPERORGANISM';1
'STEVE ANGELLO';1
'STEVIE APPLETON';1
'STROMAE & CAMILA CABELLO';1
'STORMZY';1
'SCALA & KOLACNY BROTHERS';1
'SCARLET';1
'SERENA AUTIERI';1
'SERGIO MENDES & BRASIL '66';1
'SHAWN MENDES & CAMILA CABELLO';1
'SHE & HIM';1
'SAM SMITH & DEMI LOVATO';1
'SANAH';1
'SANGIOVANNI';1
'SANTIGOLD';1
'SARAH MCLACHLAN';1
'SAK NOEL';1
'RODNEY CROWELL';1
'RITON, MNEK & THE HOUSE GOSPEL CHOIR';1
'RITT MOMNEY';1
'ROX';1
'ROXETTE';1
'THE STROKES';1
'THE STRUTS & ROBBIE WILLIAMS';1
'THE STYLE COUNCIL';1
'THE TRAMMPS';1
'THE VON TRAPPS & PINK MARTINI';1
'THE WHITEST BOY ALIVE';1
'THE PUPPINI SISTERS';1
'THE MADDEN BROTHERS';1
'THE POGUES';1
'THE SHOWMEN';1
'THE RONETTES';1
'THE REMBRANDTS';1
'TI.PI.CAL.';1
'THELMA HOUSTON';1
'THE ZEN CIRCUS';1
'TIËSTO & DZEKO';1
'TILL BRÖNNER';1
'TIMORIA';1
'TINA TURNER';1
'TINLICKER & HELSLOOT';1
'TOM PETTY & THE HEARTBREAKERS';1
'TONY BENNETT';1
'TOM JONES & MOUSSE T.';1
'TITO & TARANTULA';1
'TIZIANO FERRO & JOVANOTTI';1
'THE DRIFTERS';1
'THE FRAY';1
'THE GREENHORNES';1
'THE KNACK';1
'THE LEMONHEADS';1
'THE HEAD AND THE HEART';1
'THE HIM';1
'THE ISLEY BROTHERS';1
'THE JACKSON 5';1
'THE JACKSONS';1
'THE KID LAROI & JUSTIN BIEBER';1
'THE CARS';1
'THE BOOMTOWN RATS';1
'THE BUCKETHEADS';1
'THE BUGGLES';1
'THE BELOVED';1
'TEDDY THOMPSON';1
'TEN WALLS';1
'TECHNOTRONIC';1
'THE ARCHIES';1
'THE ASTEROIDS GALAXY TOUR';1
'SYLVESTER';1
'SUZANNE VEGA';1
